Year,TotalRevenue
2010,3955.940000000002
2011,55840.30000000006
